{
    "contrladorLista.DynamicList": {
        "header": {
            "info": {
                "@class": "modelo.Compra",
                "persona": {
                    "nombre": "Isaac",
                    "apellido": "Ramon",
                    "dni": 1105991317
                },
                "boleto": {
                    "precio": 2.75,
                    "fecha_Salida": "2024-01-05",
                    "destino": "Saraguro",
                    "origen": "Loja"
                },
                "fecha_Venta": "2024-01-04"
            },
            "next": {
                "info": {
                    "@class": "modelo.Compra",
                    "persona": {
                        "nombre": "Carlos",
                        "apellido": "Castillo",
                        "dni": "0704145682"
                    },
                    "boleto": {
                        "precio": 5,
                        "fecha_Salida": "2024-01-05",
                        "destino": "Loja",
                        "origen": "Cuenca"
                    },
                    "fecha_Venta": "2024-01-04"
                },
                "next": {
                    "info": {
                        "@class": "modelo.Compra",
                        "persona": {
                            "nombre": "Alberto",
                            "apellido": "Hernandez",
                            "dni": 1234567890
                        },
                        "boleto": {
                            "precio": 5,
                            "fecha_Salida": "2024-01-05",
                            "destino": "Machala",
                            "origen": "Loja"
                        },
                        "fecha_Venta": "2024-01-04"
                    },
                    "next": {
                        "info": {
                            "@class": "modelo.Compra",
                            "persona": {
                                "nombre": "Andres",
                                "apellido": "Washington",
                                "dni": 7891234566
                            },
                            "boleto": {
                                "precio": 5,
                                "fecha_Salida": "2024-01-05",
                                "destino": "Zamora",
                                "origen": "Machala"
                            },
                            "fecha_Venta": "2024-01-04"
                        },
                        "next": {
                            "info": {
                                "@class": "modelo.Compra",
                                "persona": {
                                    "nombre": "Mateo",
                                    "apellido": "Rojas",
                                    "dni": 8521463746
                                },
                                "boleto": {
                                    "precio": 5,
                                    "fecha_Salida": "2024-01-05",
                                    "destino": "Tena",
                                    "origen": "Quevedo"
                                },
                                "fecha_Venta": "2024-01-04"
                            },
                            "next": {
                                "info": {
                                    "@class": "modelo.Compra",
                                    "persona": {
                                        "nombre": "Alberto",
                                        "apellido": "Reyes",
                                        "dni": 5263123679
                                    },
                                    "boleto": {
                                        "precio": 3.25,
                                        "fecha_Salida": "2024-01-05",
                                        "destino": "Cuenta",
                                        "origen": "Manta"
                                    },
                                    "fecha_Venta": "2024-01-04"
                                },
                                "next": {
                                    "info": {
                                        "@class": "modelo.Compra",
                                        "persona": {
                                            "nombre": "Carolina",
                                            "apellido": "Perez",
                                            "dni": 9123456780
                                        },
                                        "boleto": {
                                            "precio": 3.25,
                                            "fecha_Salida": "2024-01-05",
                                            "destino": "Esmeraldas",
                                            "origen": "Loja"
                                        },
                                        "fecha_Venta": "2024-01-04"
                                    },
                                    "next": {
                                        "info": {
                                            "@class": "modelo.Compra",
                                            "persona": {
                                                "nombre": "Javier",
                                                "apellido": "Ramirez",
                                                "dni": 1098765432
                                            },
                                            "boleto": {
                                                "precio": 3.25,
                                                "fecha_Salida": "2024-01-05",
                                                "destino": "Quito",
                                                "origen": "Manta"
                                            },
                                            "fecha_Venta": "2024-01-04"
                                        },
                                        "next": {
                                            "info": {
                                                "@class": "modelo.Compra",
                                                "persona": {
                                                    "nombre": "Valeria",
                                                    "apellido": "Garcia",
                                                    "dni": 3054321987
                                                },
                                                "boleto": {
                                                    "precio": 3.25,
                                                    "fecha_Salida": "2024-01-05",
                                                    "destino": "Ambato",
                                                    "origen": "Cuenca"
                                                },
                                                "fecha_Venta": "2024-01-04"
                                            },
                                            "next": {
                                                "info": {
                                                    "@class": "modelo.Compra",
                                                    "persona": {
                                                        "nombre": "Andres",
                                                        "apellido": "Rodriguez",
                                                        "dni": 1070876543
                                                    },
                                                    "boleto": {
                                                        "precio": 3.25,
                                                        "fecha_Salida": "2024-01-05",
                                                        "destino": "Guayaquil",
                                                        "origen": "Riobamba"
                                                    },
                                                    "fecha_Venta": "2024-01-04"
                                                },
                                                "next": {
                                                    "info": {
                                                        "@class": "modelo.Compra",
                                                        "persona": {
                                                            "nombre": "Gabriela",
                                                            "apellido": "Moreno",
                                                            "dni": 1102345678
                                                        },
                                                        "boleto": {
                                                            "precio": 3.25,
                                                            "fecha_Salida": "2024-01-05",
                                                            "destino": "Portoviejo",
                                                            "origen": "Santo Domingo"
                                                        },
                                                        "fecha_Venta": "2024-01-04"
                                                    },
                                                    "next": {
                                                        "info": {
                                                            "@class": "modelo.Compra",
                                                            "persona": {
                                                                "nombre": "Rafael",
                                                                "apellido": "Jimenez",
                                                                "dni": 8934567890
                                                            },
                                                            "boleto": {
                                                                "precio": 3.25,
                                                                "fecha_Salida": "2024-01-05",
                                                                "destino": "Santo Domingo",
                                                                "origen": "Riobamba"
                                                            },
                                                            "fecha_Venta": "2024-01-04"
                                                        },
                                                        "next": {
                                                            "info": {
                                                                "@class": "modelo.Compra",
                                                                "persona": {
                                                                    "nombre": "Carmen",
                                                                    "apellido": "Sandoval",
                                                                    "dni": 8766854321
                                                                },
                                                                "boleto": {
                                                                    "precio": 2.75,
                                                                    "fecha_Salida": "2024-01-05",
                                                                    "destino": "Quevedo",
                                                                    "origen": "Santa Elena"
                                                                },
                                                                "fecha_Venta": "2024-01-04"
                                                            },
                                                            "next": {
                                                                "info": {
                                                                    "@class": "modelo.Compra",
                                                                    "persona": {
                                                                        "nombre": "Esteban",
                                                                        "apellido": "Guzman",
                                                                        "dni": 5143221098
                                                                    },
                                                                    "boleto": {
                                                                        "precio": 2.75,
                                                                        "fecha_Salida": "2024-01-05",
                                                                        "destino": "Guaranda",
                                                                        "origen": "Latacunga"
                                                                    },
                                                                    "fecha_Venta": "2024-01-04"
                                                                },
                                                                "next": {
                                                                    "info": {
                                                                        "@class": "modelo.Compra",
                                                                        "persona": {
                                                                            "nombre": "Valentina",
                                                                            "apellido": "Paredes",
                                                                            "dni": 1098327654
                                                                        },
                                                                        "boleto": {
                                                                            "precio": 2.75,
                                                                            "fecha_Salida": "2024-01-05",
                                                                            "destino": "Ibarra",
                                                                            "origen": "Cuenca"
                                                                        },
                                                                        "fecha_Venta": "2024-01-04"
                                                                    },
                                                                    "next": {
                                                                        "info": {
                                                                            "@class": "modelo.Compra",
                                                                            "persona": {
                                                                                "nombre": "Pablo",
                                                                                "apellido": "Herrera",
                                                                                "dni": 5678902112
                                                                            },
                                                                            "boleto": {
                                                                                "precio": 1.75,
                                                                                "fecha_Salida": "2024-01-05",
                                                                                "destino": "Babahoyo",
                                                                                "origen": "Ambato"
                                                                            },
                                                                            "fecha_Venta": "2024-01-04"
                                                                        },
                                                                        "next": {
                                                                            "info": {
                                                                                "@class": "modelo.Compra",
                                                                                "persona": {
                                                                                    "nombre": "Martín",
                                                                                    "apellido": "Lopez",
                                                                                    "dni": 2324056789
                                                                                },
                                                                                "boleto": {
                                                                                    "precio": 1.75,
                                                                                    "fecha_Salida": "2024-01-05",
                                                                                    "destino": "Azogues",
                                                                                    "origen": "Nueva Loja"
                                                                                },
                                                                                "fecha_Venta": "2024-01-04"
                                                                            },
                                                                            "next": {
                                                                                "info": {
                                                                                    "@class": "modelo.Compra",
                                                                                    "persona": {
                                                                                        "nombre": "Luisa",
                                                                                        "apellido": "Velasco",
                                                                                        "dni": 9813765432
                                                                                    },
                                                                                    "boleto": {
                                                                                        "precio": 1.75,
                                                                                        "fecha_Salida": "2024-01-05",
                                                                                        "destino": "Ambato",
                                                                                        "origen": "Machala"
                                                                                    },
                                                                                    "fecha_Venta": "2024-01-04"
                                                                                },
                                                                                "next": {
                                                                                    "info": {
                                                                                        "@class": "modelo.Compra",
                                                                                        "persona": {
                                                                                            "nombre": "Eduardo",
                                                                                            "apellido": "González",
                                                                                            "dni": 3456789210
                                                                                        },
                                                                                        "boleto": {
                                                                                            "precio": 1.75,
                                                                                            "fecha_Salida": "2024-01-05",
                                                                                            "destino": "Esmeraldas",
                                                                                            "origen": "Portoviejo"
                                                                                        },
                                                                                        "fecha_Venta": "2024-01-04"
                                                                                    },
                                                                                    "next": {
                                                                                        "info": {
                                                                                            "@class": "modelo.Compra",
                                                                                            "persona": {
                                                                                                "nombre": "Paola",
                                                                                                "apellido": "Mendoza",
                                                                                                "dni": 1231456780
                                                                                            },
                                                                                            "boleto": {
                                                                                                "precio": 1.75,
                                                                                                "fecha_Salida": "2024-01-05",
                                                                                                "destino": "Riobamba",
                                                                                                "origen": "Quevedo"
                                                                                            },
                                                                                            "fecha_Venta": "2024-01-04"
                                                                                        }
                                                                                    }
                                                                                }
                                                                            }
                                                                        }
                                                                    }
                                                                }
                                                            }
                                                        }
                                                    }
                                                }
                                            }
                                        }
                                    }
                                }
                            }
                        }
                    }
                }
            }
        },
        "last": {
            "@reference": "..\/header\/next\/next\/next\/next\/next\/next\/next\/next\/next\/next\/next\/next\/next\/next\/next\/next\/next\/next\/next"
        },
        "length": 20
    }
}